startTime,value
1.75,0.88385
5.75,0.65886
