start_in_seconds	start_hh:mm:ss.ms	annotations
0.0	00:00:00.0	0.11306
0.5	00:00:00.500	0.11352
1.0	00:00:01.0	0.16284
1.5	00:00:01.500	0.18034
2.0	00:00:02.0	0.18213